<keymap version="1" name="macOS コピー" parent="Mac OS X 10.5+">
  <action id="ActivateTerminalToolWindow">
    <keyboard-shortcut first-keystroke="shift meta t" />
  </action>
  <action id="Arrangement.Rule.Edit" />
  <action id="BookmarksView.Rename" />
  <action id="ChangesView.Rename">
    <keyboard-shortcut first-keystroke="shift f6" />
  </action>
  <action id="ChooseDebugConfiguration" />
  <action id="CodeCompletion">
    <keyboard-shortcut first-keystroke="meta period" />
  </action>
  <action id="CollapseSelection" />
  <action id="Debug">
    <keyboard-shortcut first-keystroke="shift meta d" />
  </action>
  <action id="Debugger.EditArrayFilter" />
  <action id="Debugger.EditCustomField" />
  <action id="Diff.ShowSettingsPopup" />
  <action id="FileChooser.TogglePathBar" />
  <action id="FindUsages" />
  <action id="Git.Rename.Local.Branch">
    <keyboard-shortcut first-keystroke="shift f6" />
  </action>
  <action id="Git.Reword.Commit">
    <keyboard-shortcut first-keystroke="shift f6" />
  </action>
  <action id="GotoNextError" />
  <action id="GotoTest" />
  <action id="GotoTypeDeclaration">
    <keyboard-shortcut first-keystroke="f12" />
  </action>
  <action id="GuiDesigner.EditComponent" />
  <action id="GuiDesigner.EditGroup" />
  <action id="JumpToLastWindow" />
  <action id="Move" />
  <action id="ParameterInfo" />
  <action id="ReformatCode" />
  <action id="RenameFile">
    <keyboard-shortcut first-keystroke="f2" />
  </action>
  <action id="ResourceExplorer.show" />
  <action id="SearchEverywhere">
    <keyboard-shortcut first-keystroke="meta p" />
  </action>
  <action id="ServiceView.ShowServices" />
  <action id="ShelvedChanges.Rename">
    <keyboard-shortcut first-keystroke="shift f6" />
  </action>
  <action id="StepOver">
    <keyboard-shortcut first-keystroke="f6" />
  </action>
  <action id="Table-startEditing" />
  <action id="Tree-startEditing" />
  <action id="XDebugger.SetValue" />
</keymap>